<?xml version="1.0" encoding="UTF-8"?>
<project-private xmlns="http://www.netbeans.org/ns/project-private/1">
    <editor-bookmarks xmlns="http://www.netbeans.org/ns/editor-bookmarks/2" lastBookmarkId="0"/>
    <open-files xmlns="http://www.netbeans.org/ns/projectui-open-files/2">
        <group>
            <file>file:/C:/Users/lucas/Desktop/Algoritmo_Genetico/src/java/controlador/controlAlgoritmo.java</file>
            <file>file:/C:/Users/lucas/Desktop/Algoritmo_Genetico/web/error.jsp</file>
            <file>file:/C:/Users/lucas/Desktop/Algoritmo_Genetico/src/java/modelo/Algoritmo.java</file>
            <file>file:/C:/Users/lucas/Desktop/Algoritmo_Genetico/web/footer.html</file>
            <file>file:/C:/Users/lucas/Desktop/Algoritmo_Genetico/web/cabecera.html</file>
            <file>file:/C:/Users/lucas/Desktop/Algoritmo_Genetico/web/ag.jsp</file>
            <file>file:/C:/Users/lucas/Desktop/Algoritmo_Genetico/src/java/modelo/funcion.java</file>
            <file>file:/C:/Users/lucas/Desktop/Algoritmo_Genetico/web/index.jsp</file>
        </group>
    </open-files>
</project-private>
