<?xml version="1.0" encoding="UTF-8"?>
<project-private xmlns="http://www.netbeans.org/ns/project-private/1">
    <editor-bookmarks xmlns="http://www.netbeans.org/ns/editor-bookmarks/2" lastBookmarkId="0"/>
    <open-files xmlns="http://www.netbeans.org/ns/projectui-open-files/2">
        <group>
            <file>file:/C:/xampp/htdocs/ag_Dany/public_html/js/main.js</file>
            <file>file:/C:/xampp/htdocs/ag_Dany/public_html/pages/proceso.html</file>
            <file>file:/C:/xampp/htdocs/ag_Dany/public_html/js/algortimo_genetico.js</file>
        </group>
    </open-files>
</project-private>
